{"cameraMode":{"drawMode":0,"name":"Shaded","section":"Shading Mode"},"sceneLighting":false,"audioPlay":false,"sceneViewState":{"m_AlwaysRefresh":false,"showFog":true,"showSkybox":false,"showFlares":true,"showImageEffects":true,"showParticleSystems":true,"showVisualEffectGraphs":true,"m_FxEnabled":true},"in2DMode":false,"pivot":{"x":-0.2742425203323364,"y":0.5980259776115418,"z":-0.008837305009365082},"rotation":{"x":-0.08968153595924378,"y":0.8616796135902405,"z":-0.1637595295906067,"w":-0.4718702435493469},"size":1.1741740703582764,"orthographic":false}